分组	限制项	官方值	本仓取值(官方×95%,所有者2026-08-27定稿)	接口	官方URL	官方原句	核对日期
电子表格写(sheets v2)	单次写入行数上限	5000 行	4750 行(_SHEET_WRITE_MAX_ROWS)	v2 向单个范围写入数据 PUT /open-apis/sheets/v2/spreadsheets/:spreadsheetToken/values	https://open.feishu.cn/document/server-docs/docs/sheets-v3/data-operation/write-data-to-a-single-range?lang=zh-CN	单次写入数据不得超过 5000 行、100列。	2026-08-27
电子表格写(sheets v2)	单次写入列数上限	100 列	95 列(_SHEET_WRITE_MAX_COLS,超限直接抛)	v2 向单个范围写入数据 PUT /open-apis/sheets/v2/spreadsheets/:spreadsheetToken/values	https://open.feishu.cn/document/server-docs/docs/sheets-v3/data-operation/write-data-to-a-single-range?lang=zh-CN	单次写入数据不得超过 5000 行、100列。	2026-08-27
电子表格写(sheets v2)	单元格内容长度上限	50,000 字符（官方推荐按 40,000 字符切）	40000 字符(_SHEET_CELL_HARD_MAX_CHARS,取官方自荐值)	v2 向单个范围写入数据 PUT .../values	https://open.feishu.cn/document/server-docs/docs/sheets-v3/data-operation/write-data-to-a-single-range?lang=zh-CN	每个单元格不超过 50,000 字符，由于服务端会增加控制字符，因此推荐每个单元格不超过 40,000 字符。	2026-08-27
电子表格写(sheets v2)	range 与数据的关系约束	range 必须 ≥ 数据实际占用范围	未采用(仅存档)	v2 向单个范围写入数据 PUT .../values	https://open.feishu.cn/document/server-docs/docs/sheets-v3/data-operation/write-data-to-a-single-range?lang=zh-CN	range 所指定的范围需要大于等于写入的数据所占用的范围	2026-08-27
电子表格写(sheets v2)	接口频率限制	100 次/秒	未采用(仅存档)	v2 向单个范围写入数据 PUT .../values	https://open.feishu.cn/document/server-docs/docs/sheets-v3/data-operation/write-data-to-a-single-range?lang=zh-CN	接口频率限制 | 100 次/秒	2026-08-27
电子表格写(sheets v2)	单次写入行/列上限	5000 行 × 100 列	4750 行 × 95 列(本仓写通道用的就是 values_batch_update)	v2 向多个范围写入数据 POST /open-apis/sheets/v2/spreadsheets/:spreadsheetToken/values_batch_update	https://open.feishu.cn/document/server-docs/docs/sheets-v3/data-operation/write-data-to-multiple-ranges?lang=zh-CN	单次写入数据不得超过 5000 行、100列。	2026-08-27
电子表格写(sheets v2)	单元格内容长度上限	50,000 字符（推荐 40,000）	40000 字符(_SHEET_CELL_HARD_MAX_CHARS)	v2 向多个范围写入数据 POST .../values_batch_update	https://open.feishu.cn/document/server-docs/docs/sheets-v3/data-operation/write-data-to-multiple-ranges?lang=zh-CN	每个单元格不超过 50,000 字符，由于服务端会增加控制字符，因此推荐每个单元格不超过 40,000 字符。	2026-08-27
电子表格写(sheets v2)	接口频率限制 + 并发约束	单租户单应用 100 次/秒；同一文档只能串行调用（写操作不可对同一 spreadsheet 并发）	0.3s 批间节流(_SHEET_WRITE_THROTTLE_SECS)+ 同表串行锁 _sheet_locks	v2 向单个范围写入数据 / 向多个范围写入数据（概述页限流表）	https://open.feishu.cn/document/server-docs/docs/sheets-v3/overview?lang=zh-CN	向多个范围写入数据 | 单租户单应用100次/秒；单个文档只能串行调用	2026-08-27
电子表格写(sheets v2)	单次写入行/列上限	5,000 行 × 100 列	未采用(仅存档)	v2 追加数据 POST /open-apis/sheets/v2/spreadsheets/:spreadsheetToken/values_append	https://open.feishu.cn/document/server-docs/docs/sheets-v3/data-operation/append-data?lang=zh-CN	单次写入范围不可超过 5,000 行、100 列。每个单元格不超过 50,000 字符，由于服务端会增加控制字符，因此推荐每个单元格不超过 40,000 字符。	2026-08-27
电子表格写(sheets v2)	range 与数据的关系约束	range 必须 ≥ 追加数据占用范围	未采用(仅存档)	v2 追加数据 POST .../values_append	https://open.feishu.cn/document/server-docs/docs/sheets-v3/data-operation/append-data?lang=zh-CN	range 所指定的范围需要大于等于追加的数据所占用的范围。	2026-08-27
电子表格写(sheets v2)	接口频率限制	100 次/秒	未采用(仅存档)	v2 追加数据 POST .../values_append	https://open.feishu.cn/document/server-docs/docs/sheets-v3/data-operation/append-data?lang=zh-CN	接口频率限制 | 100 次/秒	2026-08-27
电子表格写(sheets v2)	单次写入行/列上限 + 单元格字符上限	5,000 行 × 100 列；50,000 字符（推荐 40,000）	未采用(仅存档)	v2 插入数据 POST /open-apis/sheets/v2/spreadsheets/:spreadsheetToken/values_prepend	https://open.feishu.cn/document/ukTMukTMukTM/uIjMzUjLyIzM14iMyMTN	单次写入数据不可超过 5,000 行、100 列。每个单元格不可超过 50,000 字符，由于服务端会增加控制字符，因此推荐每个单元格不超过 40,000 字符。	2026-08-27
电子表格写(sheets v2)	range 与数据的关系约束（prepend 特有:实际增行数由 values 决定）	range ≥ 插入数据占用范围；最终增加行数取决于 values	未采用(仅存档)	v2 插入数据 POST .../values_prepend	https://open.feishu.cn/document/ukTMukTMukTM/uIjMzUjLyIzM14iMyMTN	range 所指定的范围需要大于等于插入的数据所占用的范围。但最终增加的行数由 value 决定。	2026-08-27
电子表格写(sheets v2)	单次增加行/列上限	5000 行或列；length 取值范围 (0,5000]	4750 行(_SHEET_DIMENSION_MAX,sheet_ensure_rows 扩行)	v2 增加行列 POST /open-apis/sheets/v2/spreadsheets/:spreadsheet_token/dimension_range	https://open.feishu.cn/document/server-docs/docs/sheets-v3/sheet-rowcol/add-rows-or-columns?lang=zh-CN	单次调用该接口，最多支持增加 5000 行或列。该接口仅支持在工作表的行末尾或列末尾新增行列。要在指定位置新增行列，你需使用插入行列。	2026-08-27
电子表格写(sheets v2)	length 字段取值范围	(0,5000]	4750 行(_SHEET_DIMENSION_MAX)	v2 增加行列 POST .../dimension_range 请求体 length	https://open.feishu.cn/document/ukTMukTMukTM/uUjMzUjL1IzM14SNyMTN	要增加的行数或列数。取值范围为 (0,5000]。	2026-08-27
电子表格写(sheets v2)	单次插入行/列上限	5000 行或列	未采用(仅存档)	v2 插入行列 POST /open-apis/sheets/v2/spreadsheets/:spreadsheetToken/insert_dimension_range	https://open.feishu.cn/document/server-docs/docs/sheets-v3/sheet-rowcol/insert-rows-or-columns?lang=zh-CN	单次调用该接口，最多支持插入 5000 行或列。	2026-08-27
电子表格写(sheets v2)	单次删除行/列上限	5000 行或列	4750 行(_SHEET_DIMENSION_MAX,sheet_overwrite 删尾行)	v2 删除行列 DELETE /open-apis/sheets/v2/spreadsheets/:spreadsheetToken/dimension_range	https://open.feishu.cn/document/server-docs/docs/sheets-v3/sheet-rowcol/-delete-rows-or-columns?lang=zh-CN	单次调用该接口，最多支持删除 5000 行或列。	2026-08-27
电子表格写(sheets v2)	删除行列的最小保留约束	工作表至少保留 1 行 1 列，不能删光	未采用(仅存档)	v2 删除行列 DELETE .../dimension_range	https://open.feishu.cn/document/server-docs/docs/sheets-v3/sheet-rowcol/-delete-rows-or-columns?lang=zh-CN	一个工作表最少需有一行一列。你无法删除所有行或列。	2026-08-27
电子表格写(sheets v2)	单次设置样式范围上限	5,000 行 × 100 列	未采用(仅存档)	v2 设置单元格样式 PUT /open-apis/sheets/v2/spreadsheets/:spreadsheetToken/style 与 批量设置单元格样式 PUT .../styles_batch_update	https://open.feishu.cn/document/ukTMukTMukTM/uAzMzUjLwMzM14CMzMTN	单次设置的范围不可超过 5,000 行 100 列。	2026-08-27
电子表格写(sheets v2)	设置边框样式时单次更新单元格数上限	30,000 个单元格	未采用(仅存档)	v2 设置单元格样式 PUT .../style 与 批量设置单元格样式 PUT .../styles_batch_update	https://open.feishu.cn/document/ukTMukTMukTM/uAzMzUjLwMzM14CMzMTN	在设置边框样式时，单次更新的单元格数量不可超过 30,000 个。	2026-08-27
电子表格写(sheets v2)	样式接口频率限制	100 次/秒	未采用(仅存档)	v2 批量设置单元格样式 PUT /open-apis/sheets/v2/spreadsheets/:spreadsheetToken/styles_batch_update	https://open.feishu.cn/document/server-docs/docs/sheets-v3/data-operation/batch-set-cell-style?lang=zh-CN	接口频率限制 | 100 次/秒	2026-08-27
电子表格写(sheets v2)	10 MB 上限的真实归属（读方向，非写请求体）	10 MB 是【读取单个范围】响应数据上限，官方从未把 10MB 写在任何写接口上	9,000,000 字节写预算(_SHEET_WRITE_BYTE_BUDGET,工程值,由读侧 10MB 折算)	v2 读取单个范围 GET /open-apis/sheets/v2/spreadsheets/:spreadsheetToken/values/:range（对照项）	https://open.feishu.cn/document/server-docs/docs/sheets-v3/data-operation/reading-a-single-range?lang=zh-CN	该接口返回数据的最大限制为 10 MB。	2026-08-27
电子表格写(sheets v2)	错误码 90202 官方语义	validate RangeVal fail — range 格式有误	未采用(仅存档)	服务端错误码说明（云文档/电子表格通用）	https://open.feishu.cn/document/ukTMukTMukTM/ugjM14COyUjL4ITN	90202 | validate RangeVal fail | 请求中range格式有误，检查请求中的range是否合规	2026-08-27
电子表格写(sheets v2)	错误码 90204 官方语义	WrongRequestBody — 请求体/入参有误	未采用(仅存档)	服务端错误码说明（云文档/电子表格通用）	https://open.feishu.cn/document/ukTMukTMukTM/ugjM14COyUjL4ITN	90204 | WrongRequestBody | 请求体有误，请求入参有问题，请仔细检查入参	2026-08-27
电子表格写(sheets v2)	错误码 90221 官方语义	TooLargeResponse — 返回数据过大（读方向，非写方向）	读通道 sheet_values_rows 对半重读兜底	服务端错误码说明（云文档/电子表格通用）	https://open.feishu.cn/document/ukTMukTMukTM/ugjM14COyUjL4ITN	90221 | TooLargeResponse | 需要返回的数据过大，降低查询量	2026-08-27
电子表格写(sheets v2)	错误码 90227 官方语义	TooLargeRequest — 请求数据量过大（写方向超量的主要错误码）	写通道 _sheet_put 对半重切兜底(一层,再失败即抛)	服务端错误码说明（云文档/电子表格通用）	https://open.feishu.cn/document/ukTMukTMukTM/ugjM14COyUjL4ITN	90227 | TooLargeRequest | 请求数据量过大，请减少数据量	2026-08-27
电子表格写(sheets v2)	错误码 90222 官方语义（写方向相关,附赠）	TooLargeCell — 单元格内容过大	未采用(仅存档)	服务端错误码说明（云文档/电子表格通用）	https://open.feishu.cn/document/ukTMukTMukTM/ugjM14COyUjL4ITN	90222 | TooLargeCell | 单元格内容过大，减少单元格内容	2026-08-27
电子表格写(sheets v2)	错误码 90226 官方语义（写方向相关,附赠）	ExcessLimit — 超出限制	未采用(仅存档)	服务端错误码说明（云文档/电子表格通用）	https://open.feishu.cn/document/ukTMukTMukTM/ugjM14COyUjL4ITN	90226 | ExcessLimit | 超出限制，根据返回的消息调整请求数量	2026-08-27
电子表格写(sheets v2)	错误码 90216 官方语义（写方向相关,附赠:写了但没变更也报错）	EmptyValue — 参数错误或本次请求未导致数据变更	未采用(仅存档)	服务端错误码说明（云文档/电子表格通用）	https://open.feishu.cn/document/ukTMukTMukTM/ugjM14COyUjL4ITN	90216 | EmptyValue | 请求参数错误 或 本次请求未导致数据变更，请检查参数	2026-08-27
电子表格写(sheets v2)	错误码 90215 官方语义（写方向相关,附赠）	SheetIdNotFound — 子表不存在	未采用(仅存档)	服务端错误码说明（云文档/电子表格通用）	https://open.feishu.cn/document/ukTMukTMukTM/ugjM14COyUjL4ITN	90215 | SheetIdNotFound | sheetId 没有找到，请求入参对应的子表不存在，修正请求参数	2026-08-27
电子表格写(sheets v2)	产品级规格：单个工作表列数上限	13,000 列（含空列）	未采用(仅存档)	电子表格产品规格（非单次请求限制），影响 dimension_range 累计增列	https://open.feishu.cn/document/server-docs/docs/sheets-v3/sheets-faq?lang=zh-CN	单个工作表中列的数量不可超过 13,000 列（包含空列）	2026-08-27
电子表格写(sheets v2)	产品级规格：单个工作表单元格总数上限	5,000,000 个（含空单元格）	未采用(仅存档)	电子表格产品规格（非单次请求限制），影响累计写入	https://open.feishu.cn/document/server-docs/docs/sheets-v3/sheets-faq?lang=zh-CN	单个工作表中单元格的数量不可超过 5,000,000 个（包含空单元格）	2026-08-27
电子表格写(sheets v2)	产品级规格：单个电子表格工作表数上限	300 个	未采用(仅存档)	电子表格产品规格	https://open.feishu.cn/document/server-docs/docs/sheets-v3/sheets-faq?lang=zh-CN	单个电子表格中工作表的数量不可超过 300 个	2026-08-27
电子表格写(sheets v2)	产品级规格：单元格字符上限（与 API 页 50,000 冲突，取小）	45,000 个字符（FAQ 口径）vs 50,000（写接口页口径）	未采用(仅存档)	电子表格产品规格 FAQ 第 2 问；与写接口页的 50,000 字符不一致	https://open.feishu.cn/document/server-docs/docs/sheets-v3/sheets-faq?lang=zh-CN	单个单元格中的字符数量不可超过 45,000 个	2026-08-27
电子表格写(sheets v2)	v3 创建电子表格频率限制（v3 唯一与写相关的对照）	20 次/分钟	未采用(仅存档)	v3 创建电子表格 POST /open-apis/sheets/v3/spreadsheets	https://open.feishu.cn/document/server-docs/docs/sheets-v3/spreadsheet/create?lang=zh-CN	接口频率限制 | 20 次/分钟	2026-08-27
电子表格写(sheets v2)	请求体字节上限 10MB	官方未说明	未采用(仅存档)	(官方未说明,不许推断)		【请求体字节上限 10MB】官方未说明。v2 values / values_batch_update / values_append / values_prepend 四个写接口页的「使用限制」章节均只写行列数与单元格字符数，全无任何 MB / 字节级请求体上限。逐页核对结论均为「未提及」。网上流传的「写入 10MB」是把读接口的『该接口返回数据的最大限制为 10 MB』（响应方向）张冠李戴，不可作为写侧依据。超量时只会拿到 90227 TooLargeRequest，官方不给阈值。	2026-08-27
电子表格写(sheets v2)	values_batch_update 的 range 段数（valueRanges 数组长度）上限	官方未说明	未采用(仅存档)	(官方未说明,不许推断)		【values_batch_update 的 range 段数（valueRanges 数组长度）上限】官方未说明。请求体参数表与使用限制章节均未给出数组长度上限，只约束总行列数 5000×100。	2026-08-27
电子表格写(sheets v2)	values_append / values_prepend 是否有独立于 values 的请求体上限	官方未说明	未采用(仅存档)	(官方未说明,不许推断)		【values_append / values_prepend 是否有独立于 values 的请求体上限】官方未说明，两页均无字节级限制。	2026-08-27
电子表格写(sheets v2)	styles_batch_update 的 data 数组段数上限	官方未说明	未采用(仅存档)	(官方未说明,不许推断)		【styles_batch_update 的 data 数组段数上限】官方未说明，只给了 5,000 行×100 列 与 边框 30,000 单元格两条。	2026-08-27
电子表格写(sheets v2)	v3 版本的电子表格写入接口	官方未说明	未采用(仅存档)	(官方未说明,不许推断)		【v3 版本的电子表格写入接口】官方无此接口。概述页 API 清单中 /open-apis/sheets/v3/ 仅覆盖 spreadsheets 创建/获取/修改、sheets 查询、filter、filter_views、move_dimension、find、replace、float_images；『向单个/多个范围写入数据』『追加数据』『插入数据』『增/插/删行列』『设置样式』全部只有 v2 路径。故本仓沿用 v2 是官方唯一路径，不存在 v2/v3 写入限制差异。	2026-08-27
电子表格写(sheets v2)	90221 在写方向的语义	官方未说明	未采用(仅存档)	(官方未说明,不许推断)		【90221 在写方向的语义】官方原文只写读方向（『需要返回的数据过大，降低查询量』），官方未说明其在写请求下的含义；写方向超量对应的是 90227。	2026-08-27
电子表格写(sheets v2)	错误码 90202/90204/90221/90227 是否有电子表格专属错误码页	官方未说明	未采用(仅存档)	(官方未说明,不许推断)		【错误码 90202/90204/90221/90227 是否有电子表格专属错误码页】官方未提供电子表格独立错误码表，这四码统一收在通用的『服务端错误码说明』里（云文档段 902xx）。	2026-08-27
电子表格写(sheets v2)	单次写入的总字节数 / 总单元格数上限	官方未说明	未采用(仅存档)	(官方未说明,不许推断)		【单次写入的总字节数 / 总单元格数上限】官方未说明，只有行×列（5000×100=500,000 单元格）与单元格字符数两个维度。	2026-08-27
电子表格写(sheets v2)	写接口触发限流后的退避建议 / 429 语义	官方未说明	未采用(仅存档)	(官方未说明,不许推断)		【写接口触发限流后的退避建议 / 429 语义】官方未在写接口页说明。	2026-08-27
电子表格读(sheets v2)	读取单个范围(v2)——响应体最大限制	10 MB	4750 行/块(_SHEET_READ_BLOCK_ROWS,工程值)+ 90221 对半兜底	v2 · GET /open-apis/sheets/v2/spreadsheets/:spreadsheetToken/values/:range	https://open.feishu.cn/document/server-docs/docs/sheets-v3/data-operation/reading-a-single-range?lang=zh-CN	## 使用限制 ⏎ ⏎ - 该接口返回数据的最大限制为 10 MB。	2026-08-27
电子表格读(sheets v2)	读取单个范围(v2)——列数上限(仅特定 range 写法)	100 列	未采用(仅存档)	v2 · values/:range;仅当 range 写作 `<sheetId>!<开始单元格>:<结束列>` 或 `<sheetId>!<开始列>:<结束列>` 时	https://open.feishu.cn/document/server-docs/docs/sheets-v3/data-operation/reading-a-single-range?lang=zh-CN	**注意**：若使用 `<sheetId>!<开始单元格>:<结束列>` 和 `<sheetId>!<开始列>:<结束列>` 的写法时，仅支持获取 100 列数据。	2026-08-27
电子表格读(sheets v2)	读取单个范围(v2)——不支持读取的内容	不支持跨表引用和数组公式的计算结果	未采用(仅存档)	v2 · GET /open-apis/sheets/v2/spreadsheets/:spreadsheetToken/values/:range	https://open.feishu.cn/document/server-docs/docs/sheets-v3/data-operation/reading-a-single-range?lang=zh-CN	- 该接口不支持获取跨表引用和数组公式的计算结果。	2026-08-27
电子表格读(sheets v2)	读取单个范围(v2)——接口频率限制	单租户单应用 100 次/秒	未采用(仅存档)	v2 · GET /open-apis/sheets/v2/spreadsheets/:spreadsheetToken/values/:range	https://open.feishu.cn/document/server-docs/docs/sheets-v3/overview?lang=zh-CN	| [读取单个范围](https://open.feishu.cn/document/ukTMukTMukTM/ugTMzUjL4EzM14COxMTN) | 单租户单应用100次/秒 |	2026-08-27
电子表格读(sheets v2)	读取多个范围(v2)——响应体最大限制	10 MB	未采用(仅存档)	v2 · GET /open-apis/sheets/v2/spreadsheets/:spreadsheetToken/values_batch_get	https://open.feishu.cn/document/server-docs/docs/sheets-v3/data-operation/reading-multiple-ranges?lang=zh-CN	## 使用限制 ⏎ ⏎ - 该接口返回数据的最大限制为 10 MB。	2026-08-27
电子表格读(sheets v2)	读取多个范围(v2)——列数上限(仅特定 range 写法)	100 列	未采用(仅存档)	v2 · values_batch_get;官方此页只列了 `<sheetId>!<开始单元格>:<结束列>` 一种写法(比单范围页少一种)	https://open.feishu.cn/document/server-docs/docs/sheets-v3/data-operation/reading-multiple-ranges?lang=zh-CN	**注意**：若使用 `<sheetId>!<开始单元格>:<结束列>` 的写法时，仅支持获取 100 列数据。	2026-08-27
电子表格读(sheets v2)	读取多个范围(v2)——不支持读取的内容	不支持跨表引用和数组公式的计算结果	未采用(仅存档)	v2 · GET /open-apis/sheets/v2/spreadsheets/:spreadsheetToken/values_batch_get	https://open.feishu.cn/document/server-docs/docs/sheets-v3/data-operation/reading-multiple-ranges?lang=zh-CN	- 该接口不支持获取跨表引用和数组公式的计算结果。	2026-08-27
电子表格读(sheets v2)	读取多个范围(v2)——ranges 参数格式(官方未给个数上限)	逗号分隔;官方未说明范围个数上限	未采用(仅存档)	v2 · values_batch_get 查询参数 ranges	https://open.feishu.cn/document/server-docs/docs/sheets-v3/data-operation/reading-multiple-ranges?lang=zh-CN	ranges | string | 是 | 多个查询范围，范围之间使用逗号分隔，如 `Q7PlXT!A2:B6,0b6377!B1:C8`。range 的格式为 `<sheetId>!<开始位置>:<结束位置>`。	2026-08-27
电子表格读(sheets v2)	读取多个范围(v2)——接口频率限制	单租户单应用 100 次/秒	未采用(仅存档)	v2 · GET /open-apis/sheets/v2/spreadsheets/:spreadsheetToken/values_batch_get	https://open.feishu.cn/document/server-docs/docs/sheets-v3/overview?lang=zh-CN	| [读取多个范围](https://open.feishu.cn/document/ukTMukTMukTM/ukTMzUjL5EzM14SOxMTN) | 单租户单应用100次/秒 |	2026-08-27
电子表格读(sheets v2)	v3 是否存在 values 读接口	不存在。官方「方法列表 › 工作表 - 数据」中两个读接口均为 v2;该分组下只有「查找单元格」「替换单元格」是 v3(find/replace),无 /sheets/v3/.../values	未采用(仅存档)	v3 · 全站 sheets v3 端点清单	https://open.feishu.cn/document/server-docs/docs/sheets-v3/overview?lang=zh-CN	[读取单个范围](https://open.feishu.cn/document/ukTMukTMukTM/ugTMzUjL4EzM14COxMTN)<br>`GET` /open-apis/sheets/v2/spreadsheets/:spreadsheetToken/values/:range … [读取多个范围](https://open.feishu.cn/document/ukTMukTMukTM/ukTMzUjL5EzM14SOxMTN)<br>`GET` /open-apis/sheets/v2/spreadsheets/:spreadsheetToken/values_batch_get	2026-08-27
电子表格读(sheets v2)	v2/v3 版本判据(官方定义)	HTTP URL 中含 `v2` 标识者即 v2 接口;v2 接口不支持 API 调试台	未采用(仅存档)	v2 与 v3 的官方区分方式	https://open.feishu.cn/document/server-docs/docs/sheets-v3/sheets-faq?lang=zh-CN	因为这些接口为 v2 版本的接口，现阶段仅支持调试 v3 版本接口。**说明**：v2 版本的接口是指在接口的 HTTP URL 含有 `v2` 标识的接口。	2026-08-27
电子表格读(sheets v2)	valueRenderOption 官方语义(未提及对体积的影响)	缺省时不进行公式计算、返回公式本身且单元格为数值格式;可选 ToString / Formula / FormattedValue / UnformattedValue	未采用(仅存档)	v2 · values/:range 与 values_batch_get 的查询参数(两页文案一致)	https://open.feishu.cn/document/server-docs/docs/sheets-v3/data-operation/reading-a-single-range?lang=zh-CN	valueRenderOption | string | 否 | 指定单元格数据的格式。可选值如下所示。当参数缺省时，默认不进行公式计算，返回公式本身，且单元格为数值格式。<br>- ToString：返回纯文本的值（数值类型除外）<br>- Formula：单元格中含有公式时，返回公式本身<br>- FormattedValue：计算并格式化单元格<br>- UnformattedValue：计算但不对单元格进行格式化	2026-08-27
电子表格读(sheets v2)	dateTimeRenderOption 官方语义(未提及对体积的影响)	缺省返回浮点数值(1899-12-30 起的天数);可选 FormattedString 返回格式化字符串	未采用(仅存档)	v2 · values/:range 与 values_batch_get 的查询参数(两页文案一致)	https://open.feishu.cn/document/server-docs/docs/sheets-v3/data-operation/reading-a-single-range?lang=zh-CN	dateTimeRenderOption | string | 否 | 指定数据类型为日期、时间、或时间日期的单元格数据的格式。<br>- 若不传值，默认返回浮点数值，整数部分为自 1899 年 12 月 30 日以来的天数；小数部分为该时间占 24 小时的份额。……<br>- 可选值为 FormattedString，此时接口将计算并对日期、时间、或时间日期类型的数据格式化并返回格式化后的字符串，但不会对数字进行格式化。	2026-08-27
电子表格读(sheets v2)	整表规格——单个电子表格中工作表数量	不可超过 300 个	未采用(仅存档)	电子表格整体(v2/v3 通用)	https://open.feishu.cn/document/server-docs/docs/sheets-v3/overview?lang=zh-CN	- 单个电子表格中工作表的数量不可超过 300 个	2026-08-27
电子表格读(sheets v2)	整表规格——单个工作表列数	不可超过 13,000 列(包含空列)	未采用(仅存档)	电子表格整体(v2/v3 通用)	https://open.feishu.cn/document/server-docs/docs/sheets-v3/overview?lang=zh-CN	- 单个工作表中列的数量不可超过 13,000 列（包含空列）	2026-08-27
电子表格读(sheets v2)	整表规格——单个工作表单元格总数	不可超过 5,000,000 个(包含空单元格)	未采用(仅存档)	电子表格整体(v2/v3 通用)	https://open.feishu.cn/document/server-docs/docs/sheets-v3/overview?lang=zh-CN	- 单个工作表中单元格的数量不可超过 5,000,000 个（包含空单元格）	2026-08-27
电子表格读(sheets v2)	整表规格——单个单元格字符数(概述页口径)	不超过 50,000 字符,推荐不超过 40,000 字符	未采用(仅存档)	电子表格整体;与 FAQ 页的 45,000 口径冲突,见 notes	https://open.feishu.cn/document/server-docs/docs/sheets-v3/overview?lang=zh-CN	- 单个单元格不超过 50,000 字符，由于服务端会增加控制字符，因此推荐每个单元格不超过 40,000 字符。	2026-08-27
电子表格读(sheets v2)	整表规格——单个单元格字符数(FAQ 页口径,与概述页冲突)	不可超过 45,000 个	未采用(仅存档)	电子表格整体;与概述页 50,000/40,000 口径冲突	https://open.feishu.cn/document/server-docs/docs/sheets-v3/sheets-faq?lang=zh-CN	- 单个单元格中的字符数量不可超过 45,000 个	2026-08-27
电子表格读(sheets v2)	整表规格——单篇文档中电子表格数量	不可超过 1,500 个	未采用(仅存档)	电子表格整体(v2/v3 通用)	https://open.feishu.cn/document/server-docs/docs/sheets-v3/overview?lang=zh-CN	- 单篇文档中电子表格的数量不可超过 1,500 个	2026-08-27
电子表格读(sheets v2)	错误码 90202	validate RangeVal fail — 请求中 range 格式有误	未采用(仅存档)	服务端通用错误码表(sheets 90xxx 段);读取接口 range/ranges 拼错时命中	https://open.feishu.cn/document/server-docs/api-call-guide/generic-error-code?lang=zh-CN	90202 | validate RangeVal fail | 请求中range格式有误，检查请求中的range是否合规	2026-08-27
电子表格读(sheets v2)	错误码 90204	WrongRequestBody — 请求体有误	未采用(仅存档)	服务端通用错误码表(sheets 90xxx 段)	https://open.feishu.cn/document/server-docs/api-call-guide/generic-error-code?lang=zh-CN	90204 | WrongRequestBody | 请求体有误，请求入参有问题，请仔细检查入参	2026-08-27
电子表格读(sheets v2)	错误码 90221(读取超限的核心信号)	TooLargeResponse — 需要返回的数据过大	读通道 sheet_values_rows 对半重读兜底	服务端通用错误码表(sheets 90xxx 段);超过 10 MB 响应上限时命中	https://open.feishu.cn/document/server-docs/api-call-guide/generic-error-code?lang=zh-CN	90221 | TooLargeResponse | 需要返回的数据过大，降低查询量	2026-08-27
电子表格读(sheets v2)	错误码 90227	TooLargeRequest — 请求数据量过大	未采用(仅存档)	服务端通用错误码表(sheets 90xxx 段);属请求侧超限,非响应侧	https://open.feishu.cn/document/server-docs/api-call-guide/generic-error-code?lang=zh-CN	90227 | TooLargeRequest | 请求数据量过大，请减少数据量	2026-08-27
电子表格读(sheets v2)	错误码 90219(相邻相关码)	CellExcess — 单元格数量超过限制	未采用(仅存档)	服务端通用错误码表(sheets 90xxx 段)	https://open.feishu.cn/document/server-docs/api-call-guide/generic-error-code?lang=zh-CN	90219 | CellExcess | 单元格数量超过限制，检查单元格数量	2026-08-27
电子表格读(sheets v2)	错误码 90226(相邻相关码)	ExcessLimit — 超出限制	未采用(仅存档)	服务端通用错误码表(sheets 90xxx 段)	https://open.feishu.cn/document/server-docs/api-call-guide/generic-error-code?lang=zh-CN	90226 | ExcessLimit | 超出限制，根据返回的消息调整请求数量	2026-08-27
电子表格读(sheets v2)	错误码 90217(限流码)	TooManyRequest — 请求太频繁	限流码,走 _RATELIMIT_CODES 的 reset 头等待	服务端通用错误码表(sheets 90xxx 段);对应 100 次/秒 频率限制	https://open.feishu.cn/document/server-docs/api-call-guide/generic-error-code?lang=zh-CN	90217 | TooManyRequest | 请求太频繁，请降低请求调用频率	2026-08-27
电子表格读(sheets v2)	错误码 90222(单元格内容侧)	TooLargeCell — 单元格内容过大	未采用(仅存档)	服务端通用错误码表(sheets 90xxx 段)	https://open.feishu.cn/document/server-docs/api-call-guide/generic-error-code?lang=zh-CN	90222 | TooLargeCell | 单元格内容过大，减少单元格内容	2026-08-27
电子表格读(sheets v2)	国际版(Lark)读取单个范围——响应体上限	10 MB	未采用(仅存档)	v2 · GET https://open.larksuite.com/open-apis/sheets/v2/spreadsheets/:spreadsheetToken/values/:range	https://open.larksuite.com/document/server-docs/docs/sheets-v3/data-operation/reading-a-single-range?lang=en-US	This API is used to read the values in a single range based on spreadsheetToken and range. No more than 10 MB of data can be returned.	2026-08-27
电子表格读(sheets v2)	国际版(Lark)读取多个范围——响应体上限	10 MB	未采用(仅存档)	v2 · GET https://open.larksuite.com/open-apis/sheets/v2/spreadsheets/:spreadsheetToken/values_batch_get	https://open.larksuite.com/document/server-docs/docs/sheets-v3/data-operation/reading-multiple-ranges?lang=en-US	This API is used to read the values in multiple ranges based on spreadsheetToken and range. No more than 10 MB of data can be returned.	2026-08-27
电子表格读(sheets v2)	国际版(Lark)与国内版页面差异——100 列限制/跨表引用限制缺失	Lark 英文页无「使用限制」章节,通篇未出现 100 列限制与跨表引用/数组公式限制;ranges 参数类型也标为 array<string>(国内版标 string)	未采用(仅存档)	v2 · Lark 英文版 values/:range 与 values_batch_get	https://open.larksuite.com/document/server-docs/docs/sheets-v3/data-operation/reading-multiple-ranges?lang=en-US	| ranges | array<string> | Yes | Multiple query ranges, such as: url?ranges=range1,range2 . ⁣Here, range includes the sheetId range and cell range. Four indexing methods are supported.	2026-08-27
电子表格读(sheets v2)	单个工作表最大行数 —— 官方未说明。open.feishu.cn 电子表格概述	官方未说明	未采用(仅存档)	(官方未说明,不许推断)		单个工作表最大行数 —— 官方未说明。open.feishu.cn 电子表格概述「使用限制」与电子表格常见问题「2. 电子表格的相关限制有哪些？」两处都只给了工作表数(300)、列数(13,000)、单元格总数(5,000,000)、单元格字符数、单篇文档电子表格数,均无行数条目。飞书帮助中心「表格常见问题」(www.feishu.cn/hc/zh-CN/articles/936038569701)同样无行数条目。搜索命中的「20 万行/100 万行/200 万行」全部是多维表格(Bitable)的规格,不适用于电子表格(Sheets),不得挪用。	2026-08-27
电子表格读(sheets v2)	values 单范围读取(v2)是否对行数设限 —— 官方未说明。该页只对特定 	官方未说明	未采用(仅存档)	(官方未说明,不许推断)		values 单范围读取(v2)是否对行数设限 —— 官方未说明。该页只对特定 range 写法给出 100 列限制,未给任何行数限制。	2026-08-27
电子表格读(sheets v2)	values_batch_get 的 ranges 范围个数上限 —— 官方未说	官方未说明	未采用(仅存档)	(官方未说明,不许推断)		values_batch_get 的 ranges 范围个数上限 —— 官方未说明。ranges 参数说明只写「范围之间使用逗号分隔」,全页无个数上限;Lark 英文页同样未写。	2026-08-27
电子表格读(sheets v2)	values_batch_get 是否有独立于单范围的响应体上限 —— 官方未说	官方未说明	未采用(仅存档)	(官方未说明,不许推断)		values_batch_get 是否有独立于单范围的响应体上限 —— 官方未说明差异。两页「使用限制」文案完全一致(均 10 MB),官方未说明 batch 的 10 MB 是按单个 range 还是按整个响应聚合计算。	2026-08-27
电子表格读(sheets v2)	valueRenderOption / dateTimeRenderOption	官方未说明	未采用(仅存档)	(官方未说明,不许推断)		valueRenderOption / dateTimeRenderOption 对响应体积的影响 —— 官方未说明。两个参数在两页(及 Lark 英文页)的说明只描述格式化语义(ToString/Formula/FormattedValue/UnformattedValue、FormattedString),完全未提及对 10 MB 上限或响应体积的影响。	2026-08-27
电子表格读(sheets v2)	v3 读接口(/sheets/v3/.../values)的限制 —— 该接口不	官方未说明	未采用(仅存档)	(官方未说明,不许推断)		v3 读接口(/sheets/v3/.../values)的限制 —— 该接口不存在,故无限制可查。官方「方法列表 › 工作表 - 数据」下所有 values 读写端点均为 v2;sheets v3 端点仅覆盖 spreadsheet(create/patch/get)、sheets(find/replace/move_dimension)、filter、filter_views、conditions、float_images。	2026-08-27
电子表格读(sheets v2)	独立的官方「表格规格」页 —— 不存在。open.feishu.cn 上电子表格	官方未说明	未采用(仅存档)	(官方未说明,不许推断)		独立的官方「表格规格」页 —— 不存在。open.feishu.cn 上电子表格规格只散落在「电子表格概述 › 使用限制」和「电子表格常见问题 › 问题 2」两处,无专门规格页。	2026-08-27
电子表格读(sheets v2)	错误码 90221/90227 与 10 MB 上限的官方映射关系 —— 官方未	官方未说明	未采用(仅存档)	(官方未说明,不许推断)		错误码 90221/90227 与 10 MB 上限的官方映射关系 —— 官方未说明。两个读取接口页的「错误码」章节只写「具体可参考：服务端错误码说明」,未列出本接口会返回哪些码;通用错误码表也未点名哪个接口返回 90221。90221 对应 10 MB 超限属合理推断,官方无原文背书。	2026-08-27
频控与配额	频控作用维度(全局规则)	每个 API × 每个应用 × 每个租户	未采用(仅存档)	开放平台全局(所有 OpenAPI,含 sheets v2/v3、bitable v1、drive v1)	https://open.feishu.cn/document/server-docs/api-call-guide/frequency-control?lang=zh-CN	通常情况下，频控策略等级都是应用于 **每个 API**、 **每个应用**、**每个租户** 的基础上。	2026-08-27
频控与配额	写接口频控等级低于读接口(官方原则)	写 < 读	未采用(仅存档)	开放平台全局	https://open.feishu.cn/document/server-docs/api-call-guide/frequency-control?lang=zh-CN	根据场景的不同，同一个资源的不同操作方法可能频控等级不同。例如，写入接口的频控等级会略低于读取接口，以保护系统本身的可靠性。	2026-08-27
频控与配额	QPS 与 QPM 双上限,任一触顶即限流	任意上限触发	未采用(仅存档)	开放平台全局(等级4、以及 sheets v3 sheets/query 等「1000次/分&50次/秒」型接口)	https://open.feishu.cn/document/server-docs/api-call-guide/frequency-control?lang=zh-CN	对于不同时间周期内的限频策略（如 1000次/分&50次/秒），请求速率达到任意上限（QPS 或 QPM）都会触发限流。	2026-08-27
频控与配额	频控等级表 等级1-4	等级1=10次/分;等级2=20次/分;等级3=100次/分;等级4=1000次/分 & 50次/秒	未采用(仅存档)	基础版自建应用/商业版自建应用/商店应用三档取值相同	https://open.feishu.cn/document/server-docs/api-call-guide/frequency-control?lang=zh-CN	| 1 | 当前 API在每个应用、每个租户 10 次 / 分钟 | 10次/分 | 10次/分 | 10次/分 | ⏎ | 2 | 当前 API在每个应用、每个租户 20 次 / 分钟 | 20次/分 | 20次/分 | 20次/分 | ⏎ | 3 | 当前 API在每个应用、每个租户 100 次 / 分钟 | 100次/分 | 100次/分 | 100次/分 | ⏎ | 4 | 当前 API在每个应用、每个租户 1000 次/分钟、50 次/秒 | 1000次/分 & 50次/秒 | 1000次/分 & 50次/秒 | 1000次/分 & 50次/秒 |	2026-08-27
频控与配额	频控等级表 等级5-11、21	等级5=1次/秒;6=5次/秒;7=10次/秒;8=20次/秒;9=50次/秒;10=50次/秒(商业版100次/秒);11=100次/秒;21=3次/秒	未采用(仅存档)	按「基础版自建应用/商业版自建应用/商店应用」三列取值;仅等级10在商业版自建应用为100次/秒,其余三列一致	https://open.feishu.cn/document/server-docs/api-call-guide/frequency-control?lang=zh-CN	| 5 | 当前 API在每个应用、每个租户 1 次 / 秒 | 1次/秒 | 1次/秒 | 1次/秒 | ⏎ | 6 | 当前 API在每个应用、每个租户 5 次 / 秒 | 5次/秒 | 5次/秒 | 5次/秒 | ⏎ | 7 | 当前 API在每个应用、每个租户 10 次 / 秒 | 10次/秒 | 10次/秒 | 10次/秒 | ⏎ | 8 | 当前 API在每个应用、每个租户 20 次 / 秒 | 20次/秒 | 20次/秒 | 20次/秒 | ⏎ | 9 | 当前 API在每个应用、每个租户 50 次 / 秒 | 50次/秒 | 50次/秒 | 50次/秒 | ⏎ | 10 | 当前 API在每个应用、每个租户 50 次 / 秒 | 50次/秒 | 100次/秒 | 50次/秒 | ⏎ | 11 | 当前 API在每个应用、每个租户 100 次 / 秒 | 100次/秒 | 100次/秒 | 100次/秒 | ⏎ | 21 | 当前 API在每个应用、每个租户 3 次 / 秒 | 3次/秒 | 3次/秒 | 3次/秒 |	2026-08-27
频控与配额	存在不在标准等级内的「特殊频控」接口	需联系技术支持获取	未采用(仅存档)	开放平台全局	https://open.feishu.cn/document/server-docs/api-call-guide/frequency-control?lang=zh-CN	大部分 OpenAPI 的频控策略归属于某一个特定的频控策略等级，但也有部分 OpenAPI 由于较为复杂，不在标准的频控策略当中覆盖，你需要通过联系技术支持获取具体的频控策略。	2026-08-27
频控与配额	频控限制值可能变动	以更新日志为准	未采用(仅存档)	开放平台全局	https://open.feishu.cn/document/server-docs/api-call-guide/frequency-control?lang=zh-CN	每一个频控策略等级的具体限制值是有可能发生变化的，我们将在发生变化时通过飞书开放平台的更新日志告诉你。	2026-08-27
频控与配额	触发频控的 HTTP 状态码与错误码(新版 OpenAPI)	HTTP 429 + code 99991400	未采用(仅存档)	开放平台全局(新版 OpenAPI)	https://open.feishu.cn/document/server-docs/api-call-guide/frequency-control?lang=zh-CN	超过限制阈值时，飞书会返回 HTTP 状态码 429 ，将来自该客户端的任何进一步操作限制在一段时间内，并在失败请求的响应头中返回建议的等待时间。	2026-08-27
频控与配额	触发频控的 HTTP 状态码(旧版 OpenAPI,含 sheets v2)	HTTP 400 + code 99991400(而非 429)	认 code=99991400 不认 HTTP 状态码(本仓 sheets/v2 属旧版)	部分旧版 OpenAPI —— 本仓所用 /open-apis/sheets/v2/... 属旧版,重试判据不能只认 429	https://open.feishu.cn/document/server-docs/api-call-guide/frequency-control?lang=zh-CN	对于部分旧版 OpenAPI，你收到的 HTTP 响应可能略有不同（HTTP 状态码为 400）。示例如下： ⏎ ⏎ HTTP/1.1 400 Bad Request ⏎ Content-Type: application/json ⏎ x-ogw-ratelimit-limit: 100 //窗口期上限，单位：秒 ⏎ x-ogw-ratelimit-reset: 52 //恢复 limit 周期，单位：秒 ⏎ ⏎ { ⏎ "code": 99991400, ⏎ "msg": "request trigger frequency limit" ⏎ }	2026-08-27
频控与配额	限流响应头(退避依据)	x-ogw-ratelimit-limit(窗口期上限,单位:秒)、x-ogw-ratelimit-reset(恢复 limit 周期,单位:秒)	读 x-ogw-ratelimit-reset 精确等待(_RATELIMIT_RESET_HEADER)	开放平台全局,429 与旧版 400 两种响应均带	https://open.feishu.cn/document/server-docs/api-call-guide/frequency-control?lang=zh-CN	x-ogw-ratelimit-limit: 100 //窗口期上限，单位：秒 ⏎ x-ogw-ratelimit-reset: 52 //恢复 limit 周期，单位：秒	2026-08-27
频控与配额	官方建议的重试策略(频控页版本)	读 x-ogw-ratelimit-reset 秒数 → 等待 → 重试 → 再失败继续用该头延迟重试	_ratelimit_wait:有头按头等(上限 60s),无头退回 1/2/4/8 阶梯	开放平台全局。官方明说这是「解除限频的最好方法」;未使用 Retry-After 头	https://open.feishu.cn/document/server-docs/api-call-guide/frequency-control?lang=zh-CN	当你在实现错误处理时，可以使用 HTTP 429 错误码（部分旧版 OpenAPI 为 HTTP 400 错误码）来判断出现限流情况。失败的响应头中包含 `x-ogw-ratelimit-reset`，使用该响应头延迟请求是解除限频的最好方法。 ⏎ ⏎ 1. 等待 `x-ogw-ratelimit-reset` 中指定的秒数。 ⏎ 2. 重试请求。 ⏎ 3. 若请求再次失败并出现 HTTP 429 错误码，你将会再次被限制。可以继续使用推荐的 `x-ogw-ratelimit-reset` 延迟并重试请求，直到成功。	2026-08-27
频控与配额	官方建议的重试策略(通用错误码页版本,明确点名指数退避)	指数退避算法	未采用(仅存档)	错误码 99991400	https://open.feishu.cn/document/server-docs/api-call-guide/generic-error-code?lang=zh-CN	99991400 | request trigger frequency limit | 请求过于频繁，请降低请求频次。建议使用指数退避算法或其它频控策略降低对 API 的调用速率。详情参考 频控策略。	2026-08-27
频控与配额	错误码 11232 语义	create message service trigger rate limit	未采用(仅存档)	消息类接口/自定义机器人(非电子表格)	https://open.feishu.cn/document/server-docs/api-call-guide/generic-error-code?lang=zh-CN	11232 | create message service trigger rate limit | 创建消息触发系统超限，请参考 频控策略	2026-08-27
频控与配额	电子表格专属限流错误码 90217	TooManyRequest —— 请求太频繁,请降低请求调用频率	90217 进 _RATELIMIT_CODES(与 99991400 同一条路)	sheets v2 服务端错误码表。本仓 v2 值系列接口被限流时最可能见到的业务码,与通用 99991400 并存	https://open.feishu.cn/document/ukTMukTMukTM/ugjM14COyUjL4ITN	90217 | TooManyRequest | 请求太频繁，请降低请求调用频率	2026-08-27
频控与配额	错误码 90202/90204/90221/90227 语义(经核对均非频控码)	90202=validate RangeVal fail;90204=WrongRequestBody;90221=TooLargeResponse;90227=TooLargeRequest	未采用(仅存档)	sheets v2 服务端错误码表。90221/90227 是「体积过大」不是「频率过高」,不可当限流重试处理	https://open.feishu.cn/document/ukTMukTMukTM/ugjM14COyUjL4ITN	90202 | validate RangeVal fail | 请求中range格式有误，检查请求中的range是否合规 ⏎ 90204 | WrongRequestBody | 请求体有误，请求入参有问题，请仔细检查入参 ⏎ 90221 | TooLargeResponse | 需要返回的数据过大，降低查询量 ⏎ 90227 | TooLargeRequest | 请求数据量过大，请减少数据量	2026-08-27
频控与配额	电子表格接口频控表的适用口径(官方原句)	按「单租户单应用」计,且逐接口列出	未采用(仅存档)	电子表格全部接口(v2+v3 混列于同一张表)	https://open.feishu.cn/document/server-docs/docs/sheets-v3/overview?lang=zh-CN	电子表格相关接口有如下频率限制。你也可以在每个接口请求的基本信息中找到接口频率限制信息。	2026-08-27
频控与配额	读取单个范围 GET /open-apis/sheets/v2/spreadsheets/:spreadsheetToken/values/:range	100 次/秒(单租户单应用);无「串行」约束	未采用(仅存档)	Sheets v2 读	https://open.feishu.cn/document/server-docs/docs/sheets-v3/data-operation/reading-a-single-range?lang=zh-CN	接口频率限制 | 100 次/秒 ;（概述页表格）读取单个范围 | 单租户单应用100次/秒	2026-08-27
频控与配额	读取多个范围 GET /open-apis/sheets/v2/spreadsheets/:spreadsheetToken/values_batch_get	100 次/秒(单租户单应用);无「串行」约束	未采用(仅存档)	Sheets v2 读	https://open.feishu.cn/document/server-docs/docs/sheets-v3/data-operation/reading-multiple-ranges?lang=zh-CN	接口频率限制 | 100 次/秒 ;（概述页表格）读取多个范围 | 单租户单应用100次/秒	2026-08-27
频控与配额	向单个范围写入数据 PUT /open-apis/sheets/v2/spreadsheets/:spreadsheetToken/values	100 次/秒(单租户单应用)+ 单个文档只能串行调用	未采用(仅存档)	Sheets v2 写 —— 「单个文档只能串行调用」是按 spreadsheetToken 的并发约束,官方仅给串行要求、未给 per-token QPS 数字	https://open.feishu.cn/document/server-docs/docs/sheets-v3/overview?lang=zh-CN	向单个范围写入数据 | 单租户单应用100次/秒；单个文档只能串行调用	2026-08-27
频控与配额	向多个范围写入数据 POST /open-apis/sheets/v2/spreadsheets/:spreadsheetToken/values_batch_update	100 次/秒(单租户单应用)+ 单个文档只能串行调用	未采用(仅存档)	Sheets v2 写(本仓 api/feishu.py:681,715 在用)	https://open.feishu.cn/document/server-docs/docs/sheets-v3/overview?lang=zh-CN	向多个范围写入数据 | 单租户单应用100次/秒；单个文档只能串行调用	2026-08-27
频控与配额	追加数据 POST /open-apis/sheets/v2/spreadsheets/:spreadsheetToken/values_append	100 次/秒(单租户单应用)+ 单个文档只能串行调用	未采用(仅存档)	Sheets v2 写	https://open.feishu.cn/document/server-docs/docs/sheets-v3/overview?lang=zh-CN	追加数据 | 单租户单应用100次/秒；单个文档只能串行调用	2026-08-27
频控与配额	插入数据 POST /open-apis/sheets/v2/spreadsheets/:spreadsheetToken/values_prepend	100 次/秒(单租户单应用)+ 单个文档只能串行调用	未采用(仅存档)	Sheets v2 写	https://open.feishu.cn/document/server-docs/docs/sheets-v3/data-operation/prepend-data?lang=zh-CN	接口频率限制 | 100 次/秒 ;（概述页表格）插入数据 | 单租户单应用100次/秒；单个文档只能串行调用	2026-08-27
频控与配额	增加行列 POST /open-apis/sheets/v2/spreadsheets/:spreadsheet_token/dimension_range	100 次/秒(单租户单应用)+ 单个文档只能串行调用	未采用(仅存档)	Sheets v2 写(本仓 api/feishu.py:501 扩行、:726 DELETE 删行在用)。官方另列「删除行列 单租户单应用100次/秒；单个文档只能串行调用」	https://open.feishu.cn/document/server-docs/docs/sheets-v3/sheet-rowcol/add-rows-or-columns?lang=zh-CN	接口频率限制 | 100 次/秒 ;（概述页表格）增加行列 | 单租户单应用100次/秒；单个文档只能串行调用 / 删除行列 | 单租户单应用100次/秒；单个文档只能串行调用	2026-08-27
频控与配额	批量设置单元格样式 POST /open-apis/sheets/v2/spreadsheets/:token/styles_batch_update	100 次/秒(单租户单应用)+ 单个文档只能串行调用	未采用(仅存档)	Sheets v2 写(本仓 api/feishu.py:754 在用)	https://open.feishu.cn/document/server-docs/docs/sheets-v3/overview?lang=zh-CN	批量设置单元格样式 | 单租户单应用100次/秒；单个文档只能串行调用	2026-08-27
频控与配额	电子表格低频接口(分钟级)一览	创建表格 20次/分;修改电子表格属性 20次/分;获取电子表格信息 100次/分;移动行列 100次/分;查找单元格 100次/分;替换单元格 20次/分;筛选/浮动图片系列 20-100次/分	未采用(仅存档)	Sheets 概述页频控表。这些是分钟级配额,比 100次/秒 的值系列严格两个数量级	https://open.feishu.cn/document/server-docs/docs/sheets-v3/overview?lang=zh-CN	创建表格 | 单租户单应用20次/分钟 ⏎ 修改电子表格属性 | 单租户单应用20次/分钟 ⏎ 获取电子表格信息 | 单租户单应用100次/分钟 ⏎ 移动行列 | 单租户单应用100次/分钟 ⏎ 查找单元格 | 单租户单应用100次/分钟 ⏎ 替换单元格 | 单租户单应用20次/分钟 ⏎ 创建筛选 | 单租户单应用20次/分钟 ⏎ 更新筛选 | 单租户单应用20次/分钟	2026-08-27
频控与配额	v2 与 v3 频控差异(重点)	v3 获取工作表 GET /open-apis/sheets/v3/spreadsheets/:spreadsheet_token/sheets/query = 1000 次/分钟、50 次/秒;而 v2 值系列 = 100 次/秒	未采用(仅存档)	Sheets v3 读 vs v2 读。本仓 api/feishu.py:475,483 走 v3 sheets/query —— 它有 QPM 上限(1000/分)且 QPS 只有 50,严于 v2 的 100/秒	https://open.feishu.cn/document/server-docs/docs/sheets-v3/spreadsheet-sheet/query?lang=zh-CN	接口频率限制 | 1000 次/分钟、50 次/秒	2026-08-27
频控与配额	v3 获取电子表格信息 GET /open-apis/sheets/v3/spreadsheets/:spreadsheet_token	100 次/分钟	未采用(仅存档)	Sheets v3 读。与概述页「获取电子表格信息 单租户单应用100次/分钟」一致	https://open.feishu.cn/document/server-docs/docs/sheets-v3/spreadsheet/get?lang=zh-CN	接口频率限制 | 100 次/分钟	2026-08-27
频控与配额	多维表格 新增记录 POST /open-apis/bitable/v1/apps/:app_token/tables/:table_id/records	50 次/秒	0.15s 批间节流(_WRITE_THROTTLE_SECS)	Bitable v1 写。按全局规则即「每个应用、每个租户」50 次/秒	https://open.feishu.cn/document/server-docs/docs/bitable-v1/app-table-record/create?lang=zh-CN	接口频率限制 | 50 次/秒	2026-08-27
频控与配额	多维表格 新增多条记录 POST .../records/batch_create	50 次/秒;单次调用最多新增 1,000 条记录	950 条/批(_BITABLE_BATCH_CREATE_MAX)+ 0.15s 节流	Bitable v1 写	https://open.feishu.cn/document/server-docs/docs/bitable-v1/app-table-record/batch_create?lang=zh-CN	接口频率限制 | 50 次/秒 ；单次调用最多新增 1,000 条记录 ；1254104 单次添加记录数量超限, 单次调用最多更新 1,000 条记录	2026-08-27
频控与配额	多维表格 查询记录 POST .../records/search	20 次/秒;单次最多查询 500 行记录	475 行/页(_BITABLE_PAGE_SIZE)	Bitable v1 读。注意读(20/秒)比写(50/秒)更严,与「写低于读」的一般原则相反	https://open.feishu.cn/document/docs/bitable-v1/app-table-record/search?lang=zh-CN	接口频率限制 | 20 次/秒 ；单次最多查询 500 行记录，支持分页获取	2026-08-27
频控与配额	多维表格 按 base/数据表 的并发约束(替代 per-base QPS)	同一个数据表(table)不支持并发调用写接口	未采用(仅存档)	Bitable v1 全部写接口(新增/修改/删除记录,新增/修改/删除字段,修改表单,修改视图等)。错误码 1254291 Write conflict	https://open.feishu.cn/document/server-docs/docs/bitable-v1/app-table-record/create?lang=zh-CN	1254291 | Write conflict | 同一个数据表(table) 不支持并发调用写接口，请检查是否存在并发调用写接口。写接口包括：新增、修改、删除记录；新增、修改、删除字段；修改表单；修改视图等。	2026-08-27
频控与配额	多维表格底层串行处理(1254607 排查建议原文)	基于版本维度的串行方式,不支持并发;不建议对单个数据表并发请求	未采用(仅存档)	Bitable v1。官方明确点名频繁编辑会触发 1254607 Data not ready	https://open.feishu.cn/document/server-docs/docs/bitable-v1/app-table-record/create?lang=zh-CN	该报错一般是由于前置操作未执行完成，或本次操作数据太大，服务器计算超时导致。遇到该错误码时，建议等待一段时间后重试。通常有以下几种原因：- **编辑操作频繁**：开发者对多维表格的编辑操作非常频繁。可能会导致由于等待前置操作处理完成耗时过长而超时的情况。多维表格底层对数据表的处理基于版本维度的串行方式，不支持并发。因此，并发请求时容易出现此类错误，不建议开发者对单个数据表进行并发请求。	2026-08-27
频控与配额	云文档 下载文件 GET /open-apis/drive/v1/files/:file_token/download	5 QPS,10000 次/天;超限返回 1061045	未采用(仅存档)	Drive v1。注意这是「次/天」的日配额,与秒级 QPS 并存	https://open.feishu.cn/document/server-docs/docs/drive-v1/download/download?lang=zh-CN	该接口调用频率上限为 5 QPS，10000 次/天。否则会返回 1061045 错误码，可通过稍后重试解决。	2026-08-27
频控与配额	云文档 上传素材 POST /open-apis/drive/v1/medias/upload_all	5 QPS,10000 次/天;单文件最大 20 MB	未采用(仅存档)	Drive v1(本仓 api/feishu.py:413 在用)	https://open.feishu.cn/document/server-docs/docs/drive-v1/media/upload_all?lang=zh-CN	该接口调用频率上限为 5 QPS，10000 次/天	2026-08-27
频控与配额	自建应用 API 调用总量配额(基础免费版)	2026 年 6 月份限时 100 万次/月,每个自然月 1 号刷新	月度配额,不设本仓值;耗尽即 99991403	飞书基础免费版,单租户下「所有」企业自建应用合计;未认证企业与认证企业同额	https://open.feishu.cn/document/platform-notices/platform-updates-/custom-app-api-call-limit?lang=zh-CN	单租户下所有企业自建应用的 API 调用总量上限调整为 2026 年 6 月份限时 **100 万次**，该上限在每个自然月的 1 号刷新。	2026-08-27
频控与配额	超出月度调用量配额的后果	调用失败,返回 99991403	99991403 移出可重试集合,直接抛(_check_quota)	飞书基础免费版企业自建应用;2024 年 12 月 3 日起生效	https://open.feishu.cn/document/platform-notices/platform-updates-/custom-app-api-call-limit?lang=zh-CN	飞书基础免费版的企业自建应用，在当月超过 API 调用量上限后，将无法继续调用计算调用量的 OpenAPI，继续调用将会失败，并返回 `99991403` 错误码。	2026-08-27
频控与配额	错误码 99991403 语义(通用错误码表)	This month's API call quota has been exceeded	_QUOTA_EXHAUSTED_CODE=99991403,不可重试	月度调用量配额耗尽,非频控;不可退避重试,只能升级版本或等下月 1 号	https://open.feishu.cn/document/server-docs/api-call-guide/generic-error-code?lang=zh-CN	99991403 | This month's API call quota has been exceeded | 本月 API 调用次数已达上限，请联系企业管理员升级飞书版本。详情参见自建应用 API 调用量上限调整说明。	2026-08-27
频控与配额	调用量配额历史生效节点	2024-11-13 起 10,000 次/月(允许超量);2024-12-03 起超限即失败	未采用(仅存档)	飞书基础免费版企业自建应用	https://open.feishu.cn/document/platform-notices/platform-updates-/custom-app-api-call-limit?lang=zh-CN	2024 年 11 月 13 日起 | 飞书基础免费版内，单租户下所有企业自建应用的 API 调用总量上限调整为 **10,000 次/月**，但允许超量调用 OpenAPI。	2026-08-27
频控与配额	提频通道	不支持自行调整;需联系企业 CSM。消息、群组、多维表格暂不支持提频	未采用(仅存档)	开放平台全局。注意:电子表格未被列入「不支持提频」名单	https://open.feishu.cn/document/server-docs/api-call-guide/frequency-control?lang=zh-CN	飞书开放平台暂不支持自行调整 API 接口频控。如你有数据迁移、大型活动等场景需要短时间提升接口频控，可联系所在企业的 CSM（客户成功经理），提升接口频控。 ⏎ 消息、群组、多维表格暂时不支持提频。	2026-08-27
频控与配额	自定义机器人频控(与普通应用不同)	单租户单机器人 100 次/分钟,5 次/秒	未采用(仅存档)	自定义机器人 webhook(非 OpenAPI 应用凭证调用)。官方建议避开整点/半点,否则可能触发 11232	https://open.feishu.cn/document/server-docs/api-call-guide/frequency-control?lang=zh-CN	自定义机器人的频率控制和普通应用不同，为单租户单机器人 100 次/分钟，5 次/秒。**建议发送消息尽量避开诸如 10:00、17:30 等整点及半点时间**，否则可能出现因系统压力导致的 11232 限流错误，导致消息发送失败。	2026-08-27
频控与配额	逐接口频控为唯一权威口径(官方 FAQ 原句)	无统一阈值,查对应接口文档	未采用(仅存档)	云文档全域(docs/sheets/bitable/drive)	https://open.feishu.cn/document/docs/docs/faq?lang=zh-CN	服务端 OpenAPI 接口限频阈值是多少？具体请查阅对应接口文档，比如 更新块的内容 接口频率限制为每个应用 3 次/秒。	2026-08-27
频控与配额	开放平台全局单应用 QPS	官方未说明	未采用(仅存档)	(官方未说明,不许推断)		【开放平台全局单应用 QPS】官方未说明 —— 不存在「单应用总 QPS」这一统一数字。官方口径是频控按『每个 API、每个应用、每个租户』分级计算(频控策略页),不同接口分属等级 1-11/21,没有跨接口汇总的应用级 QPS 闸门。全局层面只有月度『API 调用总量』配额(次/月),没有全局 QPS。	2026-08-27
频控与配额	Retry-After 响应头	官方未说明	未采用(仅存档)	(官方未说明,不许推断)		【Retry-After 响应头】官方未说明 —— 频控策略页与通用错误码页均未出现 Retry-After。官方指定的退避依据是自定义头 x-ogw-ratelimit-reset(单位:秒)。按 Retry-After 实现重试会读不到值。	2026-08-27
频控与配额	电子表格按 spreadsheetToken 的 QPS 数字	官方未说明	未采用(仅存档)	(官方未说明,不许推断)		【电子表格按 spreadsheetToken 的 QPS 数字】官方未说明 —— 概述页只给出两条:『单租户单应用100次/秒』(应用维度数字)与『单个文档只能串行调用』(文档维度并发约束,无数字)。官方从未给出 per-token 的每秒次数,只要求同一文档写操作串行,不能并发。	2026-08-27
频控与配额	多维表格按 base(app_token)的读写 QPS	官方未说明	未采用(仅存档)	(官方未说明,不许推断)		【多维表格按 base(app_token)的读写 QPS】官方未说明 —— 多维表格概述页(bitable-overview)与多维表格常见问题页(bitable-v1/faq)均无频控表,两页实测无任何频率限制文本。官方只在逐个端点的基本信息里给出应用维度数字(新增/新增多条 50 次/秒、查询记录 20 次/秒),base 维度仅有并发禁令(1254291『同一个数据表(table) 不支持并发调用写接口』),无 QPS 数字。	2026-08-27
频控与配额	云文档(drive)通用频控	官方未说明	未采用(仅存档)	(官方未说明,不许推断)		【云文档(drive)通用频控】官方未说明 —— 不存在 drive 域的统一 QPS。云文档常见问题页(server-docs/docs/faq)无任何频控文本;文档常见问题页(docs/docs/faq)明确让开发者『查阅对应接口文档』。只有逐接口值,例如下载文件与上传素材各自 5 QPS + 10000 次/天。电子表格虽在产品上归属云文档,但频控走 sheets 自己的接口表,不继承 drive 的 5 QPS。	2026-08-27
频控与配额	sheets v2 值系列接口的日配额(次/天)	官方未说明	未采用(仅存档)	(官方未说明,不许推断)		【sheets v2 值系列接口的日配额(次/天)】官方未说明 —— drive 的 download/upload_all 有 10000 次/天,但 sheets v2/v3 各接口文档只给秒级或分钟级限制,未给出任何『次/天』上限。	2026-08-27
频控与配额	错误码 11232 是否适用于电子表格	官方未说明	未采用(仅存档)	(官方未说明,不许推断)		【错误码 11232 是否适用于电子表格】官方未说明 —— 通用错误码表把 11232 定义为 create message service trigger rate limit(创建消息触发系统超限),语义属消息域。未见任何官方页把 11232 与 sheets/bitable/drive 关联。电子表格限流对应的是 90217 TooManyRequest 与通用 99991400。	2026-08-27
频控与配额	商业版/企业版/旗舰版的 API 月调用量上限数字	官方未说明	未采用(仅存档)	(官方未说明,不许推断)		【商业版/企业版/旗舰版的 API 月调用量上限数字】官方未说明 —— custom-app-api-call-limit 页只写基础免费版的数字(2026 年 6 月限时 100 万次/月),对付费版本只说『请联系企业管理员升级飞书版本』,未给具体额度。	2026-08-27
频控与配额	触发频控时是否有并发连接数上限	官方未说明	未采用(仅存档)	(官方未说明,不许推断)		【触发频控时是否有并发连接数上限】官方未说明 —— 各页只给速率(次/秒、次/分)与串行/并发禁令,未给出最大并发连接数。	2026-08-27
频控与配额	x-ogw-ratelimit-reset 的取值范围或最大等待秒数	官方未说明	未采用(仅存档)	(官方未说明,不许推断)		【x-ogw-ratelimit-reset 的取值范围或最大等待秒数】官方未说明 —— 示例中为 52,但未说明上下界。	2026-08-27
多维表格(bitable v1)	records/batch_create 单次条数上限	1,000 条/次	950 条/批(_BITABLE_BATCH_CREATE_MAX)	Bitable v1(唯一版本)· POST /open-apis/bitable/v1/apps/:app_token/tables/:table_id/records/batch_create	https://open.feishu.cn/document/server-docs/docs/bitable-v1/app-table-record/batch_create?lang=zh-CN	在多维表格数据表中新增多条记录，单次调用最多新增 1,000 条记录。	2026-08-27
多维表格(bitable v1)	records/batch_update 单次条数上限	1,000 条/次	950 条/批(_BITABLE_BATCH_UPDATE_MAX)	Bitable v1 · POST /open-apis/bitable/v1/apps/:app_token/tables/:table_id/records/batch_update	https://open.feishu.cn/document/server-docs/docs/bitable-v1/app-table-record/batch_update?lang=zh-CN	更新数据表中的多条记录，单次调用最多更新 1,000 条记录。	2026-08-27
多维表格(bitable v1)	records/batch_delete 单次条数上限	500 条/次(注意:与 create/update 的 1,000 不同)	475 条/批(_BITABLE_BATCH_DELETE_MAX)	Bitable v1 · POST /open-apis/bitable/v1/apps/:app_token/tables/:table_id/records/batch_delete	https://open.feishu.cn/document/server-docs/docs/bitable-v1/app-table-record/batch_delete?lang=zh-CN	- 单次调用中最多删除 500 条记录。	2026-08-27
多维表格(bitable v1)	batch_delete 请求体 records 参数的条数约束(参数级原文)	500	475 条/批(_BITABLE_BATCH_DELETE_MAX)	Bitable v1 · batch_delete 请求体 records 字段	https://open.feishu.cn/document/server-docs/docs/bitable-v1/app-table-record/batch_delete?lang=zh-CN	records | string\[\] | 是 | 删除的多条记录 ID 列表。通过[查询记录](https://open.feishu.cn/document/uAjLw4CM/ukTMukTMukTM/reference/bitable-v1/app-table-record/search)接口获取。<br>**注意**：<br>单次调用中最多删除 500 条记录。<br>**示例值**：["recwNXzPQv"]	2026-08-27
多维表格(bitable v1)	多维表格接口「批量操作」通用上限 + 全成功/全失败语义	1,000 条/次;无部分成功	未采用(仅存档)	Bitable v1 全部批量接口(概述页「使用限制」节)	https://open.feishu.cn/document/server-docs/docs/bitable-v1/bitable-overview?lang=zh-CN	- 对于接口的批量操作，单次最高为 1,000 条记录，且响应状态是全部成功或者失败，不存在部分成功或失败的结果。	2026-08-27
多维表格(bitable v1)	同一多维表格的并发写建议	同时只请求 1 次写操作	同表串行锁 _table_locks	Bitable v1 全部写接口(概述页「使用限制」节)	https://open.feishu.cn/document/server-docs/docs/bitable-v1/bitable-overview?lang=zh-CN	- 为保证稳定性，建议对单一多维表格同时只请求**一次** API 写操作。	2026-08-27
多维表格(bitable v1)	batch_create / batch_update / batch_delete 接口频率限制	50 次/秒	0.15s 批间节流(_WRITE_THROTTLE_SECS)	Bitable v1 三个批量写接口的「请求」基本信息表	https://open.feishu.cn/document/server-docs/docs/bitable-v1/app-table-record/batch_create?lang=zh-CN	接口频率限制 | [50 次/秒](https://open.feishu.cn/document/ukTMukTMukTM/uUzN04SN3QjL1cDN)	2026-08-27
多维表格(bitable v1)	频控等级 9/10 的实际含义与触发后的行为	50 次/秒;超限返回 HTTP 429 + code 99991400,响应头 x-ogw-ratelimit-reset 给出等待秒数	未采用(仅存档)	飞书开放平台全局频控策略(Bitable 的「50 次/秒」链接指向此页)	https://open.feishu.cn/document/ukTMukTMukTM/uUzN04SN3QjL1cDN	超过限制阈值时，飞书会返回 HTTP 状态码 429 ，将来自该客户端的任何进一步操作限制在一段时间内，并在失败请求的响应头中返回建议的等待时间。	2026-08-27
多维表格(bitable v1)	多维表格不支持提频	不可提频	未采用(仅存档)	飞书开放平台频控策略页	https://open.feishu.cn/document/ukTMukTMukTM/uUzN04SN3QjL1cDN	[消息](https://open.feishu.cn/document/uAjLw4CM/ukTMukTMukTM/reference/im-v1/introduction)、[群组](https://open.feishu.cn/document/uAjLw4CM/ukTMukTMukTM/group/overview)、[多维表格](https://open.feishu.cn/document/ukTMukTMukTM/uUDN04SN0QjL1QDN/bitable-overview)暂时不支持提频。	2026-08-27
多维表格(bitable v1)	查询记录(search)单次返回行数上限	500 行/次	475 行/页(_BITABLE_PAGE_SIZE)	Bitable v1 · POST /open-apis/bitable/v1/apps/:app_token/tables/:table_id/records/search	https://open.feishu.cn/document/docs/bitable-v1/app-table-record/search?lang=zh-CN	该接口用于查询数据表中的现有记录，单次最多查询 500 行记录，支持分页获取。	2026-08-27
多维表格(bitable v1)	查询记录(search)page_size 上限与默认值	最大 500,默认 20	475 行/页(_BITABLE_PAGE_SIZE)	Bitable v1 · search 查询参数 page_size	https://open.feishu.cn/document/docs/bitable-v1/app-table-record/search?lang=zh-CN	page_size | int | 否 | 分页大小。最大值为 500<br>**示例值**：10<br>**默认值**：`20`	2026-08-27
多维表格(bitable v1)	查询记录(search)接口频率限制	20 次/秒(读接口比写接口低)	未采用(仅存档)	Bitable v1 · search	https://open.feishu.cn/document/docs/bitable-v1/app-table-record/search?lang=zh-CN	接口频率限制 | [20 次/秒](https://open.feishu.cn/document/ukTMukTMukTM/uUzN04SN3QjL1cDN)	2026-08-27
多维表格(bitable v1)	search filter 复杂度:conditions 条数上限	0 ～ 50 个条件	未采用(仅存档)	Bitable v1 · search 请求体 filter.conditions	https://open.feishu.cn/document/docs/bitable-v1/app-table-record/search?lang=zh-CN	conditions | condition\[\] | 否 | 筛选条件集合<br>**数据校验规则**：<br>- 长度范围：`0` ～ `50`	2026-08-27
多维表格(bitable v1)	search filter 复杂度:单个条件 value 数组长度上限	0 ～ 10	未采用(仅存档)	Bitable v1 · search 请求体 filter.conditions[].value	https://open.feishu.cn/document/docs/bitable-v1/app-table-record/search?lang=zh-CN	value | string\[\] | 否 | 条件的值，可以是单个值或多个值的数组。不同字段类型和不同的 operator 可填的值不同。详情参考[字段目标值（value）填写说明](https://open.feishu.cn/document/uAjLw4CM/ukTMukTMukTM/reference/bitable-v1/app-table-record/record-filter-guide#3e0fd644)。<br>**示例值**：["文本内容"]<br>**数据校验规则**：<br>- 长度范围：`0` ～ `10`	2026-08-27
多维表格(bitable v1)	search filter 复杂度:field_name 字符长度上限	0 ～ 1000 字符	未采用(仅存档)	Bitable v1 · search 请求体 filter.conditions[].field_name	https://open.feishu.cn/document/docs/bitable-v1/app-table-record/search?lang=zh-CN	field_name | string | 是 | 筛选条件的左值，值为字段的名称<br>**示例值**："字段1"<br>**数据校验规则**：<br>- 长度范围：`0` ～ `1000` 字符	2026-08-27
多维表格(bitable v1)	search 请求体 field_names / sort 数组长度上限	field_names 0～200;sort 0～100	未采用(仅存档)	Bitable v1 · search 请求体	https://open.feishu.cn/document/docs/bitable-v1/app-table-record/search?lang=zh-CN	field_names | string\[\] | 否 | 字段名称，用于指定本次查询返回记录中包含的字段<br>**示例值**：["字段1","字段2"]<br>**数据校验规则**：<br>- 长度范围：`0` ～ `200`	2026-08-27
多维表格(bitable v1)	filter 嵌套深度上限	仅 1 层 children,不可再嵌套	未采用(仅存档)	Bitable v1 · 记录筛选参数填写说明(search / list 共用)	https://open.feishu.cn/document/docs/bitable-v1/app-table-record/record-filter-guide?lang=zh-CN	如下示例，目前仅支持使用一层 children 参数，不支持再次嵌套使用。	2026-08-27
多维表格(bitable v1)	filter 字符串总长度上限(错误码口径)	2,000 个字符	未采用(仅存档)	Bitable v1 · 错误码 1254107 FilterLengthExceedLimit	https://open.feishu.cn/document/docs/bitable-v1/app-table-record/search?lang=zh-CN	200 | 1254107 | FilterLengthExceedLimit | Filter长度超限, 限制2,000个字符	2026-08-27
多维表格(bitable v1)	sort 字符串总长度上限(错误码口径)	1,000 个字符	未采用(仅存档)	Bitable v1 · 错误码 1254108 SortLengthExceedLimit	https://open.feishu.cn/document/docs/bitable-v1/app-table-record/search?lang=zh-CN	200 | 1254108 | SortLengthExceedLimit | Sort长度超限, 限制1,000个字符	2026-08-27
多维表格(bitable v1)	列出记录(list,旧接口)单次行数 / page_size / 频率	单次 500 行;page_size 最大 500、默认 20;20 次/秒;官方已不推荐	未采用(仅存档)	Bitable v1 · GET /open-apis/bitable/v1/apps/:app_token/tables/:table_id/records	https://open.feishu.cn/document/server-docs/docs/bitable-v1/app-table-record/list?lang=zh-CN	该接口用于列出数据表中的现有记录，单次最多列出 500 行记录，支持分页获取。 ⏎ ⏎ 该接口为历史接口，已不推荐使用。你可使用[查询记录](https://open.feishu.cn/document/uAjLw4CM/ukTMukTMukTM/reference/bitable-v1/app-table-record/search)替代。	2026-08-27
多维表格(bitable v1)	列出记录(list)filter 查询串长度上限	不超过 2000 个字符	未采用(仅存档)	Bitable v1 · list 查询参数 filter	https://open.feishu.cn/document/server-docs/docs/bitable-v1/app-table-record/list?lang=zh-CN	filter | string | 否 | 筛选参数，用于指定本次查询的筛选条件<br>注意：<br>1.不支持对“人员”以及“关联字段”的属性进行过滤筛选，如人员的 OpenID。<br>2.指定筛选条件时，参数长度不超过2000个字符。	2026-08-27
多维表格(bitable v1)	列出记录(list)sort 查询串长度上限	不超过 1000 字符	未采用(仅存档)	Bitable v1 · list 查询参数 sort	https://open.feishu.cn/document/server-docs/docs/bitable-v1/app-table-record/list?lang=zh-CN	sort | string | 否 | 排序参数，用于指定本次查询返回结果的顺序<br>注意：<br>1.不支持对带“公式”和“关联字段”的表的使用。<br>2.指定排序条件时，参数长度不超过1000字符。	2026-08-27
多维表格(bitable v1)	批量获取记录(batch_get)条数上限与频率	最多 100 条;record_ids 长度范围 1～100;20 次/秒	未采用(仅存档)	Bitable v1 · POST /open-apis/bitable/v1/apps/:app_token/tables/:table_id/records/batch_get	https://open.feishu.cn/document/docs/bitable-v1/app-table-record/batch_get?lang=zh-CN	通过多个记录 ID 查询记录信息。该接口最多支持查询 100 条记录。	2026-08-27
多维表格(bitable v1)	单表字段(列)数上限 / 公式字段上限(开放平台口径)	字段 300;公式类型字段最多 100	未采用(仅存档)	Bitable v1 概述页「使用限制」资源数量表	https://open.feishu.cn/document/server-docs/docs/bitable-v1/bitable-overview?lang=zh-CN	| 字段 | 300，对于公式类型的字段，最多支持 100 个 | |	2026-08-27
多维表格(bitable v1)	单表记录数上限(开放平台口径)	开放平台不设额外限制,以租户套餐为准	未采用(仅存档)	Bitable v1 概述页「使用限制」资源数量表	https://open.feishu.cn/document/server-docs/docs/bitable-v1/bitable-overview?lang=zh-CN	| 记录 | 不同租户的最大支持数量不同，开放平台没有额外限制。你可以在多维表格数据表 UI 中点击查看。	2026-08-27
多维表格(bitable v1)	视图数 / 数据表+仪表盘数 / 高级权限角色与协作者上限(开放平台口径)	视图 200;数据表+仪表盘 100;高级权限自定义角色 30;高级权限协作者 200	未采用(仅存档)	Bitable v1 概述页「使用限制」资源数量表	https://open.feishu.cn/document/server-docs/docs/bitable-v1/bitable-overview?lang=zh-CN	| 视图 | 200 | ⏎ | 数据表+仪表盘 | 100 | ⏎ | 高级权限自定义角色 | 30 | ⏎ | 高级权限协作者 | 200 |	2026-08-27
多维表格(bitable v1)	Lark 国际站(open.larksuite.com)Bitable 限制是否一致	完全一致(同一份「使用限制」表:批量 1,000、字段 300/公式 100、视图 200、数据表+仪表盘 100)	未采用(仅存档)	Bitable v1 · open.larksuite.com 概述页	https://open.larksuite.com/document/server-docs/docs/bitable-v1/bitable-overview	- 对于接口的批量操作，单次最高为 1,000 条记录，且响应状态是全部成功或者失败，不存在部分成功或失败的结果。	2026-08-27
多维表格(bitable v1)	单元格级上限:文本字符数	最多 10 万个字符	未采用(仅存档)	Bitable v1 · 多维表格记录数据结构(字段类型 type=1)	https://open.feishu.cn/document/docs/bitable-v1/app-table-record/bitable-record-data-structure-overview?lang=zh-CN	1 | 文本、邮箱或条码。使用 <code>ui_type</code> 区分，详情参考下面 **文本、邮箱或条码** 部分的描述。 | 写入时为 string，返回时为 list of object | ... | 单个单元格内容最多 10 万个字符	2026-08-27
多维表格(bitable v1)	单元格级上限:附件数 / 关联数 / 人员数 / 选项数(开放平台口径)	附件 ≤100;单向关联 ≤500;双向关联 ≤500;人员 ≤1,000;单选选项总数 ≤20,000;多选选项总数 ≤20,000 且单元格选项 ≤1,000;群组 ≤10;电话号码 ≤64	未采用(仅存档)	Bitable v1 · 多维表格记录数据结构「限制」列	https://open.feishu.cn/document/docs/bitable-v1/app-table-record/bitable-record-data-structure-overview?lang=zh-CN	17 | 附件 | list of object | ... | 单个单元格中的附件数不能超过 100	2026-08-27
多维表格(bitable v1)	附件上传大小上限(单次直传接口)	不得超过 20 MB;size 参数最大值 20971520 字节	未采用(仅存档)	上传素材 POST /open-apis/drive/v1/medias/upload_all(多维表格附件必须先走此接口拿 file_token)	https://open.feishu.cn/document/server-docs/docs/drive-v1/media/upload_all	- 素材大小不得超过 20 MB。要上传大于 20 MB 的文件，你需使用分片上传素材相关接口。详情参考[素材概述](https://open.feishu.cn/document/uAjLw4CM/ukTMukTMukTM/reference/drive-v1/media/introduction)。 ⏎ - 该接口调用频率上限为 5 QPS，10000 次/天。	2026-08-27
多维表格(bitable v1)	附件上传:分片策略与并发限制	固定 4MB 分片;上传素材相关接口不支持并发,5 QPS、10000 次/天,超限返回 1061045	未采用(仅存档)	分片上传素材-预上传 / 素材概述	https://open.feishu.cn/document/server-docs/docs/drive-v1/media/introduction	**注意事项**：上传素材相关接口不支持并发调用，且调用频率上限为 5 QPS，10000 次/天。否则会返回 1061045 错误码，可通过稍后重试解决。	2026-08-27
多维表格(bitable v1)	单个附件文件大小上限(产品侧口径)	2 GB	未采用(仅存档)	飞书帮助中心「多维表格常见上限」(产品侧,非开放平台页)	https://www.feishu.cn/hc/zh-CN/articles/485779748873	问：多维表格内支持上传多大的附件？ ⏎ 答：单个附件大小不能超过 2 GB。	2026-08-27
多维表格(bitable v1)	每个数据表附件总数上限 / 每个单元格附件数上限(产品侧口径)	数据表 20,000 个;单元格 100 个	未采用(仅存档)	飞书帮助中心「多维表格常见上限」	https://www.feishu.cn/hc/zh-CN/articles/485779748873	问：每个数据表最多可上传多少个附件？ ⏎ 答：每个数据表中的附件数量最多为 20,000 个。 ⏎ ⏎ 问：每个单元格最多支持上传多少个附件？ ⏎ 答：每个单元格的附件数量最多为 100 个。	2026-08-27
多维表格(bitable v1)	每个数据表字段(列)数上限 / 公式+查找引用总数上限(产品侧口径)	300 列;公式与查找引用合计 100 个	未采用(仅存档)	飞书帮助中心「多维表格常见上限」	https://www.feishu.cn/hc/zh-CN/articles/485779748873	问：每个数据表最多可创建多少列字段？ ⏎ 答：300 列。 ⏎ ⏎ 问：单个数据表下，公式字段和查找引用字段的总数量上限是多少？ ⏎ 答： 100 个。	2026-08-27
多维表格(bitable v1)	一个多维表格可创建的数据表数量(产品侧口径,与开放平台的 100 冲突)	300 个(数据表+仪表盘+文档 合计 300,其中文档 10)	未采用(仅存档)	飞书帮助中心「多维表格常见上限」	https://www.feishu.cn/hc/zh-CN/articles/485779748873	问：一个多维表格中可创建多少个数据表？ ⏎ 答： 300 个。 ⏎ 注：如果多维表格内同时存在数据表、仪表盘和文档，则一个多维表格内最多支持的数据表、仪表盘和文档的个数之和为 300 个，其中支持创建 10 个文档。	2026-08-27
多维表格(bitable v1)	每个视图筛选条件数上限(产品侧口径,与 API conditions 0～50 一致)	50 个	未采用(仅存档)	飞书帮助中心「多维表格常见上限」	https://www.feishu.cn/hc/zh-CN/articles/485779748873	问：每个视图最多添加几个筛选条件？ ⏎ 答：50 个。	2026-08-27
多维表格(bitable v1)	单元格内各字段类型上限(产品侧口径,人员数与开放平台的 1,000 冲突)	文本 100,000 字;人员 100 个;电话 64 位;超链接 500;附件 100;单/双向关联 500;群组 10	未采用(仅存档)	飞书帮助中心「多维表格常见上限」	https://www.feishu.cn/hc/zh-CN/articles/485779748873	答：详情见下表。 ⏎ | 字段类型 | 单个单元格内的上限 | ⏎ | 文本 | 字数不超过 100,000 字 | ⏎ | 人员（在允许多选的情况下） | 总个数不超过 100 个 | ⏎ | 电话号码 | 数字长度不超过 64 位 | ⏎ | 超链接 | 总个数不超过 500 个 | ⏎ | 附件 | 总个数不超过 100 个 | ⏎ | 单向/双向关联 | 总个数不超过 500 个 | ⏎ | 群组 | 总个数不超过 10 个 |	2026-08-27
多维表格(bitable v1)	单表记录(行)数上限:按版本的实际值	基础版/商业标准版 2,000 行 + 可免费领 1.8 万行;商业旗舰/企业版 5 万行;扩容后单表硬上限 200 万行;单个多维表格文件总行数 1,000 万行	未采用(仅存档)	飞书帮助中心「多维表格行数扩容」(产品侧;开放平台页对此只说「以租户为准」)	https://www.feishu.cn/hc/zh-CN/articles/389918352455	*使用基础版或商业标准版的用户，可以在原有 2,000 行基础上，免费额外领取 1.8 万行权益。 ⏎ *使用商业旗舰版或任一企业版的用户，可以直接解锁 5 万行权益。	2026-08-27
多维表格(bitable v1)	单表行数硬上限 / 单文件总行数硬上限	单张数据表 ≤200 万行;单个多维表格文件 ≤1,000 万行	未采用(仅存档)	飞书帮助中心「多维表格行数扩容」	https://www.feishu.cn/hc/zh-CN/articles/389918352455	注：单张数据表行数不能超过 200 万行，单个多维表格文件的总行数不能超过 1,000 万行。	2026-08-27
多维表格(bitable v1)	超行数上限后的行为	无法新增记录(写接口会失败)	未采用(仅存档)	飞书帮助中心「多维表格行数扩容」	https://www.feishu.cn/hc/zh-CN/articles/389918352455	*超出行数上限的数据表将无法新增记录。	2026-08-27
多维表格(bitable v1)	错误码 1254104 RecordAddOnceExceedLimit(单次条数超限)	1,000	未采用(仅存档)	Bitable v1 错误码表(batch_create / batch_update / search 页均列出)	https://open.feishu.cn/document/server-docs/docs/bitable-v1/app-table-record/batch_create?lang=zh-CN	200 | 1254104 | RecordAddOnceExceedLimit | 单次添加记录数量超限, 单次调用最多更新 1,000 条记录	2026-08-27
多维表格(bitable v1)	错误码 1254103 RecordExceedLimit(记录数超限)	20,000 条(与概述页「开放平台没有额外限制」口径冲突,见 notes)	未采用(仅存档)	Bitable v1 错误码表	https://open.feishu.cn/document/server-docs/docs/bitable-v1/app-table-record/batch_create?lang=zh-CN	200 | 1254103 | RecordExceedLimit | 记录数量超限, 限制20,000条	2026-08-27
多维表格(bitable v1)	错误码 1254100 / 1254101 / 1254102 / 1254105 / 1254106(资源超限类)	数据表+仪表盘 100;视图 200;文件数量超限(无数值);字段数量超限(无数值);附件过多(无数值)	未采用(仅存档)	Bitable v1 错误码表	https://open.feishu.cn/document/server-docs/docs/bitable-v1/app-table-record/batch_create?lang=zh-CN	200 | 1254100 | TableExceedLimit | 数据表或仪表盘数量超限。每个多维表格中，数据表加仪表盘的数量最多为 100 个 ⏎ 200 | 1254101 | ViewExceedLimit | 视图数量超限, 限制200个 ⏎ 200 | 1254102 | FileExceedLimit | 超限 ⏎ 200 | 1254105 | ColumnExceedLimit | 字段数量超限 ⏎ 200 | 1254106 | AttachExceedLimit | 附件过多	2026-08-27
多维表格(bitable v1)	错误码 1254130 TooLargeCell / 1254030 TooLargeResponse(体积类)	官方只给语义,未给字节数	未采用(仅存档)	Bitable v1 错误码表	https://open.feishu.cn/document/docs/bitable-v1/app-table-record/search?lang=zh-CN	200 | 1254030 | TooLargeResponse | 响应体过大 ⏎ 200 | 1254130 | TooLargeCell | 格子内容过大	2026-08-27
多维表格(bitable v1)	错误码 1254290 TooManyRequest(限流)	请求过快,稍后重试	未采用(仅存档)	Bitable v1 错误码表	https://open.feishu.cn/document/server-docs/docs/bitable-v1/app-table-record/batch_create?lang=zh-CN	200 | 1254290 | TooManyRequest | 请求过快，稍后重试	2026-08-27
多维表格(bitable v1)	错误码 1254291 Write conflict(并发写冲突)——含官方规避建议	接口间加 0.5~1 秒延迟;或写接口带 ignore_consistency_check=true	同表串行锁 _table_locks + 0.15s 批间节流	Bitable v1 错误码表(对本仓「防重/串行写」纪律直接相关)	https://open.feishu.cn/document/server-docs/docs/bitable-v1/app-table-record/batch_create?lang=zh-CN	200 | 1254291 | Write conflict | 在同一个数据表中，并发调用了读写接口或请求过快，出现冲突。请参考以下建议解决：<br>- 确保没有并发调用多维表格读写相关接口<br>- 若操作量较大，建议在接口与接口之间增加 0.5 或 1 秒的延迟，也可在报错中增加重试逻辑，确保业务的稳定性<br>- 对于写接口，可以将接口中的查询参数 `ignore_consistency_check` 设置为 true，表示在读写操作时，暂时忽略一致性检查，以提高性能	2026-08-27
多维表格(bitable v1)	错误码 1254045 FieldNameNotFound(字段名不存在)官方语义	字段名不完全匹配,或开了高级权限但调用身份缺该字段权限	未采用(仅存档)	Bitable v1 错误码表(本仓「飞书字段名只准引用 registry 字段常量」的对应报错)	https://open.feishu.cn/document/server-docs/docs/bitable-v1/app-table-record/batch_create?lang=zh-CN	200 | 1254045 | FieldNameNotFound | 字段名称不存在。请检查：<br>- 接口中字段名称和多维表格中的字段名称是否完全匹配。如果难以排查，建议你调用[列出字段](...)接口获取字段名称，因为根据表格页面的 UI 名称可能会忽略空格、换行或特殊符号等差异。<br>- 表格是否开启了高级权限但调用身份缺少对应字段的权限。	2026-08-27
多维表格(bitable v1)	错误码 1254607 Data not ready(批量过大/并发导致超时)——官方明确建议降 page_size	降低批量请求的 page_size;不要对单个数据表并发请求	未采用(仅存档)	Bitable v1 错误码表	https://open.feishu.cn/document/server-docs/docs/bitable-v1/app-table-record/batch_create?lang=zh-CN	400 | 1254607 | Data not ready, please try again later | 该报错一般是由于前置操作未执行完成，或本次操作数据太大，服务器计算超时导致。遇到该错误码时，建议等待一段时间后重试。通常有以下几种原因：<br>- **编辑操作频繁**：开发者对多维表格的编辑操作非常频繁。可能会导致由于等待前置操作处理完成耗时过长而超时的情况。多维表格底层对数据表的处理基于版本维度的串行方式，不支持并发。因此，并发请求时容易出现此类错误，不建议开发者对单个数据表进行并发请求。<br>- **批量操作负载重**：开发者在多维表格中进行批量新增、删除等操作时，如果数据表的数据量非常大，可能会导致单次请求耗时过长，最终导致请求超时。建议开发者适当降低批量请求的 page_size 以减少请求耗时。	2026-08-27
多维表格(bitable v1)	幂等键(client_token)——写操作防重的官方机制	uuidv4;冲突返回 1255006 / 1254608;格式错返回 1254037	未采用(仅存档)	Bitable v1 · batch_create / batch_update 查询参数 client_token	https://open.feishu.cn/document/server-docs/docs/bitable-v1/app-table-record/batch_create?lang=zh-CN	client_token | string | 否 | 格式为标准的 uuidv4，操作的唯一标识，用于幂等的进行更新操作。此值为空表示将发起一次新的请求，此值非空表示幂等的进行更新操作。<br>**示例值**：fe599b60-450f-46ff-b2ef-9f6675625b97	2026-08-27
多维表格(bitable v1)	错误码 1254306(套餐权益不足)	联系租户管理员申请权益	未采用(仅存档)	Bitable v1 错误码表(行数/权益超限的实际返回码之一)	https://open.feishu.cn/document/server-docs/docs/bitable-v1/app-table-record/batch_create?lang=zh-CN	403 | 1254306 | The tenant or base owner is subject to base plan limits. | 联系租户管理员申请权益	2026-08-27
多维表格(bitable v1)	官方未说明	官方未说明	未采用(仅存档)	(官方未说明,不许推断)		【官方未说明】batch_create / batch_update / batch_delete 的请求体字节大小上限(request body size)。三张接口页的「请求体」小节只有字段说明,无任何字节/MB 数值;错误码表只有 1254130 TooLargeCell「格子内容过大」和 1254030 TooLargeResponse「响应体过大」两个定性描述,均未给阈值。	2026-08-27
多维表格(bitable v1)	官方未说明	官方未说明	未采用(仅存档)	(官方未说明,不许推断)		【官方未说明】batch_create / batch_update 的 records 数组在「数据校验规则」里的长度范围(与 batch_get 的 record_ids 明确写了「长度范围:1 ～ 100」不同,两个批量写接口的 records 参数没有数据校验规则行,数值只出现在接口描述句和错误码 1254104 里)。	2026-08-27
多维表格(bitable v1)	官方未说明	官方未说明	未采用(仅存档)	(官方未说明,不许推断)		【官方未说明】单条记录(单行)的最大字节数。	2026-08-27
多维表格(bitable v1)	官方未说明	官方未说明	未采用(仅存档)	(官方未说明,不许推断)		【官方未说明】search 接口 filter 里 children 分组的数量上限(只说明「仅支持使用一层 children 参数,不支持再次嵌套使用」,没给分组个数)。	2026-08-27
多维表格(bitable v1)	官方未说明	官方未说明	未采用(仅存档)	(官方未说明,不许推断)		【官方未说明】错误码 1254102 FileExceedLimit、1254105 ColumnExceedLimit、1254106 AttachExceedLimit 的具体阈值(错误码表只写「超限」「字段数量超限」「附件过多」,数字要去概述页/帮助中心另找)。	2026-08-27
多维表格(bitable v1)	官方未说明	官方未说明	未采用(仅存档)	(官方未说明,不许推断)		【官方未说明】多维表格 v2 / v3 接口版本——开放平台的多维表格接口只有 v1(全部端点均为 /open-apis/bitable/v1/...),不存在 v2/v3,因此无版本差异可列。题目里的 v2/v3 属于电子表格(Sheets)。	2026-08-27
多维表格(bitable v1)	官方未说明	官方未说明	未采用(仅存档)	(官方未说明,不许推断)		【官方未说明】错误码 90202 / 90204 / 90221 / 90227 在任何多维表格文档页中的语义——这四个码属于电子表格(Sheets)错误码,不出现在 Bitable 的任何错误码表里。	2026-08-27
